Workbook

Sheet Instructions
A1: Consultancy Income Forecast
A2: Direct £ forecast per month · GBP (£) · Financial year September–August · XLOOKUP formulas
B4: How this workbook works
B5: Every engagement is confirmed work with a Matter Code and an agreed fixed fee. Each month the engagement manager (EM) enters the £ amount of fee to recognise; the workbook tracks it against the fee. Actual net fee income (NFI) is pulled automatically from the Month-End Provisions tab and compared against the forecast, and any variance is flagged.
B6: The five tabs
B7: 1. Matters Register — master list of engagements (Matter Code, client, EM, total fixed fee, dates, status). Add a row here first for every new confirmed engagement.
B8: 2. Forecast Log — the working record, one row per engagement per month. You enter the Matter Code, the Month, and the forecast £ amount to recognise that month. Everything else calculates. This is the permanent, append-only history — never overwrite a past month's row; add a new row for the new month.
B9: 3. Month-End Provisions — paste your monthly NFI provisions extract here (Matter Code, Month, NFI Amount). The Forecast Log reads actuals from this tab by matching Matter Code + Month.
B10: 4. Dashboard — portfolio roll-up by month, by engagement and by EM, with a forecast-vs-actual chart and an Open Variances tracker.
B11: 5. Instructions — this page.
B12: Monthly routine
B13: a. Paste the latest NFI provisions into Month-End Provisions.
B14: b. In the Forecast Log, add one new row per active engagement for the new month and enter the forecast £ amount.
B15: c. Review the Variance column: red = actual came in UNDER your forecast; amber = actual came in OVER your forecast.
... B23: · Forecast and all amounts are GBP. · The Dashboard's Unallocated Fee (£) column = total fee minus the forecast you've entered: amber = fee still to spread, red = over-forecast, blank = fully forecast. · Dates are the first of the month (shown as Sep-2026). · Demo engagements M-1001/1002/1003 are examples — delete them once you add your own.

Sheet Matters Register
A1: Matters Register
A2: One row per confirmed engagement. Blue cells are inputs.
A4: Matter Code | B4: Client | C4: Engagement Name | D4: Engagement Manager | E4: Total Fee (£) | F4: Start Date | G4: Expected End Date | H4: Status
A5: M-1001 | B5: Aurora Retail Group | C5: Supply Chain Diagnostic | D5: Priya Shah | E5: 120000 | F5: 46266 | G5: 46446 | H5: Active
A6: M-1002 | B6: Northwind Energy | C6: Cost Transformation | D6: James Okoro | E6: 90000 | F6: 46296 | G6: 46477 | H6: Active
A7: M-1003 | B7: Meridian Health | C7: Operating Model Review | D7: Priya Shah | E7: 60000 | F7: 46266 | G7: 46387 | H7: Active

Sheet Forecast Log
A1: Forecast Log — permanent monthly record
A2: Append one row per engagement per month. Enter Matter Code, Month and Forecast This Month (£) (blue). Everything else calculates.
A4: Matter Code | B4: Month | C4: Total Fee (£) | D4: Forecast This Month (£) | E4: Forecast Cum to Date (£) | F4: % Complete to Date | G4: Actual NFI This Month (£) | H4: Variance (£) | I4: Cumulative Actual to Date (£) | J4: Remaining Fee (£) | K4: Engagement Manager | L4: Variance Status | M4: Reforecast By | N4: Reforecast Date | O4: Reforecast Entered? | P4: Outstanding? | Q4: Action Note
A5: M-1001 | B5: 46266 | C5: =IF($A5="","",_xlfn._xlws.XLOOKUP($A5,'Matters Register'!$A$5:$A$44,'Matters Register'!$E$5:$E$44,"?")) -> 120000 | D5: 12000 | E5: =IF($A5="","",SUMIFS($D$5:$D$64,$A$5:$A$64,$A5,$B$5:$B$64,"<="&$B5)) -> 12000 | F5: =IF(OR($A5="",$C5=0,$C5="?"),"",$E5/$C5) -> 0.1 | G5: =IF($A5="","",IF(COUNTIFS('Month-End Provisions'!$A$5:$A$1004,$A5,'Month-End Provisions'!$B$5:$B$1004,$B5)=0,"",SUMIFS('Month-End Provisions'!$C$5:$C$1004,'Month-End Provisions'!$A$5:$A$1004,$A5,'Month-End Provisions'!$B$5:$B$1004,$B5))) -> 12000 | H5: =IF(OR($G5="",$D5=""),"",$G5-$D5) -> 0 | I5: =IF($A5="","",SUMIFS('Month-End Provisions'!$C$5:$C$1004,'Month-End Provisions'!$A$5:$A$1004,$A5,'Month-End Provisions'!$B$5:$B$1004,"<="&$B5)) -> 12000 | J5: =IF(OR($A5="",$C5="?"),"",$C5-$I5) -> 108000 | K5: =IF($A5="","",_xlfn._xlws.XLOOKUP($A5,'Matters Register'!$A$5:$A$44,'Matters Register'!$D$5:$D$44,"")) -> Priya Shah | O5: =IF(OR($H5="",$H5=0),"",IF(COUNTIFS($A$5:$A$64,$A5,$B$5:$B$64,">"&$B5)>0,"Yes","No")) | P5: =IF(AND($H5<>"",$H5<>0,NOT(OR($L5="Reforecast",$L5="Accepted"))),"YES","") | Q5: =IF(OR($H5="",$H5=0),"",IF(OR($L5="Reforecast",$L5="Accepted"),"Signed off: "&$L5,IF($O5="Yes","Reforecast entered — confirm sign-off","Awaiting reforecast")))
A6: M-1001 | B6: 46296 | C6: =IF($A6="","",_xlfn._xlws.XLOOKUP($A6,'Matters Register'!$A$5:$A$44,'Matters Register'!$E$5:$E$44,"?")) -> 120000 | D6: 18000 | E6: =IF($A6="","",SUMIFS($D$5:$D$64,$A$5:$A$64,$A6,$B$5:$B$64,"<="&$B6)) -> 30000 | F6: =IF(OR($A6="",$C6=0,$C6="?"),"",$E6/$C6) -> 0.25 | G6: =IF($A6="","",IF(COUNTIFS('Month-End Provisions'!$A$5:$A$1004,$A6,'Month-End Provisions'!$B$5:$B$1004,$B6)=0,"",SUMIFS('Month-End Provisions'!$C$5:$C$1004,'Month-End Provisions'!$A$5:$A$1004,$A6,'Month-End Provisions'!$B$5:$B$1004,$B6))) -> 15000 | H6: =IF(OR($G6="",$D6=""),"",$G6-$D6) -> -3000 | I6: =IF($A6="","",SUMIFS('Month-End Provisions'!$C$5:$C$1004,'Month-End Provisions'!$A$5:$A$1004,$A6,'Month-End Provisions'!$B$5:$B$1004,"<="&$B6)) -> 27000 | J6: =IF(OR($A6="",$C6="?"),"",$C6-$I6) -> 93000 | K6: =IF($A6="","",_xlfn._xlws.XLOOKUP($A6,'Matters Register'!$A$5:$A$44,'Matters Register'!$D$5:$D$44,"")) -> Priya Shah | O6: =IF(OR($H6="",$H6=0),"",IF(COUNTIFS($A$5:$A$64,$A6,$B$5:$B$64,">"&$B6)>0,"Yes","No")) -> Yes | P6: =IF(AND($H6<>"",$H6<>0,NOT(OR($L6="Reforecast",$L6="Accepted"))),"YES","") -> YES | Q6: =IF(OR($H6="",$H6=0),"",IF(OR($L6="Reforecast",$L6="Accepted"),"Signed off: "&$L6,IF($O6="Yes","Reforecast entered — confirm sign-off","Awaiting reforecast"))) -> Reforecast entered — confirm sign-off
A7: M-1001 | B7: 46327 | C7: =IF($A7="","",_xlfn._xlws.XLOOKUP($A7,'Matters Register'!$A$5:$A$44,'Matters Register'!$E$5:$E$44,"?")) -> 120000 | D7: 24000 | E7: =IF($A7="","",SUMIFS($D$5:$D$64,$A$5:$A$64,$A7,$B$5:$B$64,"<="&$B7)) -> 54000 | F7: =IF(OR($A7="",$C7=0,$C7="?"),"",$E7/$C7) -> 0.45 | G7: =IF($A7="","",IF(COUNTIFS('Month-End Provisions'!$A$5:$A$1004,$A7,'Month-End Provisions'!$B$5:$B$1004,$B7)=0,"",SUMIFS('Month-End Provisions'!$C$5:$C$1004,'Month-End Provisions'!$A$5:$A$1004,$A7,'Month-End Provisions'!$B$5:$B$1004,$B7))) -> 26000 | H7: =IF(OR($G7="",$D7=""),"",$G7-$D7) -> 2000 | I7: =IF($A7="","",SUMIFS('Month-End Provisions'!$C$5:$C$1004,'Month-End Provisions'!$A$5:$A$1004,$A7,'Month-End Provisions'!$B$5:$B$1004,"<="&$B7)) -> 53000 | J7: =IF(OR($A7="",$C7="?"),"",$C7-$I7) -> 67000 | K7: =IF($A7="","",_xlfn._xlws.XLOOKUP($A7,'Matters Register'!$A$5:$A$44,'Matters Register'!$D$5:$D$44,"")) -> Priya Shah | O7: =IF(OR($H7="",$H7=0),"",IF(COUNTIFS($A$5:$A$64,$A7,$B$5:$B$64,">"&$B7)>0,"Yes","No")) -> No | P7: =IF(AND($H7<>"",$H7<>0,NOT(OR($L7="Reforecast",$L7="Accepted"))),"YES","") -> YES | Q7: =IF(OR($H7="",$H7=0),"",IF(OR($L7="Reforecast",$L7="Accepted"),"Signed off: "&$L7,IF($O7="Yes","Reforecast entered — confirm sign-off","Awaiting reforecast"))) -> Awaiting reforecast
A8: M-1002 | B8: 46296 | C8: =IF($A8="","",_xlfn._xlws.XLOOKUP($A8,'Matters Register'!$A$5:$A$44,'Matters Register'!$E$5:$E$44,"?")) -> 90000 | D8: 13500 | E8: =IF($A8="","",SUMIFS($D$5:$D$64,$A$5:$A$64,$A8,$B$5:$B$64,"<="&$B8)) -> 13500 | F8: =IF(OR($A8="",$C8=0,$C8="?"),"",$E8/$C8) -> 0.15 | G8: =IF($A8="","",IF(COUNTIFS('Month-End Provisions'!$A$5:$A$1004,$A8,'Month-End Provisions'!$B$5:$B$1004,$B8)=0,"",SUMIFS('Month-End Provisions'!$C$5:$C$1004,'Month-End Provisions'!$A$5:$A$1004,$A8,'Month-End Provisions'!$B$5:$B$1004,$B8))) -> 13500 | H8: =IF(OR($G8="",$D8=""),"",$G8-$D8) -> 0 | I8: =IF($A8="","",SUMIFS('Month-End Provisions'!$C$5:$C$1004,'Month-End Provisions'!$A$5:$A$1004,$A8,'Month-End Provisions'!$B$5:$B$1004,"<="&$B8)) -> 13500 | J8: =IF(OR($A8="",$C8="?"),"",$C8-$I8) -> 76500 | K8: =IF($A8="","",_xlfn._xlws.XLOOKUP($A8,'Matters Register'!$A$5:$A$44,'Matters Register'!$D$5:$D$44,"")) -> James Okoro | O8: =IF(OR($H8="",$H8=0),"",IF(COUNTIFS($A$5:$A$64,$A8,$B$5:$B$64,">"&$B8)>0,"Yes","No")) | P8: =IF(AND($H8<>"",$H8<>0,NOT(OR($L8="Reforecast",$L8="Accepted"))),"YES","") | Q8: =IF(OR($H8="",$H8=0),"",IF(OR($L8="Reforecast",$L8="Accepted"),"Signed off: "&$L8,IF($O8="Yes","Reforecast entered — confirm sign-off","Awaiting reforecast")))
A9: M-1002 | B9: 46327 | C9: =IF($A9="","",_xlfn._xlws.XLOOKUP($A9,'Matters Register'!$A$5:$A$44,'Matters Register'!$E$5:$E$44,"?")) -> 90000 | D9: 13500 | E9: =IF($A9="","",SUMIFS($D$5:$D$64,$A$5:$A$64,$A9,$B$5:$B$64,"<="&$B9)) -> 27000 | F9: =IF(OR($A9="",$C9=0,$C9="?"),"",$E9/$C9) -> 0.3 | G9: =IF($A9="","",IF(COUNTIFS('Month-End Provisions'!$A$5:$A$1004,$A9,'Month-End Provisions'!$B$5:$B$1004,$B9)=0,"",SUMIFS('Month-End Provisions'!$C$5:$C$1004,'Month-End Provisions'!$A$5:$A$1004,$A9,'Month-End Provisions'!$B$5:$B$1004,$B9))) | H9: =IF(OR($G9="",$D9=""),"",$G9-$D9) | I9: =IF($A9="","",SUMIFS('Month-End Provisions'!$C$5:$C$1004,'Month-End Provisions'!$A$5:$A$1004,$A9,'Month-End Provisions'!$B$5:$B$1004,"<="&$B9)) -> 13500 | J9: =IF(OR($A9="",$C9="?"),"",$C9-$I9) -> 76500 | K9: =IF($A9="","",_xlfn._xlws.XLOOKUP($A9,'Matters Register'!$A$5:$A$44,'Matters Register'!$D$5:$D$44,"")) -> James Okoro | O9: =IF(OR($H9="",$H9=0),"",IF(COUNTIFS($A$5:$A$64,$A9,$B$5:$B$64,">"&$B9)>0,"Yes","No")) | P9: =IF(AND($H9<>"",$H9<>0,NOT(OR($L9="Reforecast",$L9="Accepted"))),"YES","") | Q9: =IF(OR($H9="",$H9=0),"",IF(OR($L9="Reforecast",$L9="Accepted"),"Signed off: "&$L9,IF($O9="Yes","Reforecast entered — confirm sign-off","Awaiting reforecast")))
A10: M-1003 | B10: 46266 | C10: =IF($A10="","",_xlfn._xlws.XLOOKUP($A10,'Matters Register'!$A$5:$A$44,'Matters Register'!$E$5:$E$44,"?")) -> 60000 | D10: 12000 | E10: =IF($A10="","",SUMIFS($D$5:$D$64,$A$5:$A$64,$A10,$B$5:$B$64,"<="&$B10)) -> 12000 | F10: =IF(OR($A10="",$C10=0,$C10="?"),"",$E10/$C10) -> 0.2 | G10: =IF($A10="","",IF(COUNTIFS('Month-End Provisions'!$A$5:$A$1004,$A10,'Month-End Provisions'!$B$5:$B$1004,$B10)=0,"",SUMIFS('Month-End Provisions'!$C$5:$C$1004,'Month-End Provisions'!$A$5:$A$1004,$A10,'Month-End Provisions'!$B$5:$B$1004,$B10))) -> 12000 | H10: =IF(OR($G10="",$D10=""),"",$G10-$D10) -> 0 | I10: =IF($A10="","",SUMIFS('Month-End Provisions'!$C$5:$C$1004,'Month-End Provisions'!$A$5:$A$1004,$A10,'Month-End Provisions'!$B$5:$B$1004,"<="&$B10)) -> 12000 | J10: =IF(OR($A10="",$C10="?"),"",$C10-$I10) -> 48000 | K10: =IF($A10="","",_xlfn._xlws.XLOOKUP($A10,'Matters Register'!$A$5:$A$44,'Matters Register'!$D$5:$D$44,"")) -> Priya Shah | O10: =IF(OR($H10="",$H10=0),"",IF(COUNTIFS($A$5:$A$64,$A10,$B$5:$B$64,">"&$B10)>0,"Yes","No")) | P10: =IF(AND($H10<>"",$H10<>0,NOT(OR($L10="Reforecast",$L10="Accepted"))),"YES","") | Q10: =IF(OR($H10="",$H10=0),"",IF(OR($L10="Reforecast",$L10="Accepted"),"Signed off: "&$L10,IF($O10="Yes","Reforecast entered — confirm sign-off","Awaiting reforecast")))
A11: M-1003 | B11: 46296 | C11: =IF($A11="","",_xlfn._xlws.XLOOKUP($A11,'Matters Register'!$A$5:$A$44,'Matters Register'!$E$5:$E$44,"?")) -> 60000 | D11: 12000 | E11: =IF($A11="","",SUMIFS($D$5:$D$64,$A$5:$A$64,$A11,$B$5:$B$64,"<="&$B11)) -> 24000 | F11: =IF(OR($A11="",$C11=0,$C11="?"),"",$E11/$C11) -> 0.4 | G11: =IF($A11="","",IF(COUNTIFS('Month-End Provisions'!$A$5:$A$1004,$A11,'Month-End Provisions'!$B$5:$B$1004,$B11)=0,"",SUMIFS('Month-End Provisions'!$C$5:$C$1004,'Month-End Provisions'!$A$5:$A$1004,$A11,'Month-End Provisions'!$B$5:$B$1004,$B11))) -> 11000 | H11: =IF(OR($G11="",$D11=""),"",$G11-$D11) -> -1000 | I11: =IF($A11="","",SUMIFS('Month-End Provisions'!$C$5:$C$1004,'Month-End Provisions'!$A$5:$A$1004,$A11,'Month-End Provisions'!$B$5:$B$1004,"<="&$B11)) -> 23000 | J11: =IF(OR($A11="",$C11="?"),"",$C11-$I11) -> 37000 | K11: =IF($A11="","",_xlfn._xlws.XLOOKUP($A11,'Matters Register'!$A$5:$A$44,'Matters Register'!$D$5:$D$44,"")) -> Priya Shah | L11: Reforecast | M11: PS | N11: 46330 | O11: =IF(OR($H11="",$H11=0),"",IF(COUNTIFS($A$5:$A$64,$A11,$B$5:$B$64,">"&$B11)>0,"Yes","No")) -> Yes | P11: =IF(AND($H11<>"",$H11<>0,NOT(OR($L11="Reforecast",$L11="Accepted"))),"YES","") | Q11: =IF(OR($H11="",$H11=0),"",IF(OR($L11="Reforecast",$L11="Accepted"),"Signed off: "&$L11,IF($O11="Yes","Reforecast entered — confirm sign-off","Awaiting reforecast"))) -> Signed off: Reforecast
A12: M-1003 | B12: 46327 | C12: =IF($A12="","",_xlfn._xlws.XLOOKUP($A12,'Matters Register'!$A$5:$A$44,'Matters Register'!$E$5:$E$44,"?")) -> 60000 | D12: 15000 | E12: =IF($A12="","",SUMIFS($D$5:$D$64,$A$5:$A$64,$A12,$B$5:$B$64,"<="&$B12)) -> 39000 | F12: =IF(OR($A12="",$C12=0,$C12="?"),"",$E12/$C12) -> 0.65 | G12: =IF($A12="","",IF(COUNTIFS('Month-End Provisions'!$A$5:$A$1004,$A12,'Month-End Provisions'!$B$5:$B$1004,$B12)=0,"",SUMIFS('Month-End Provisions'!$C$5:$C$1004,'Month-End Provisions'!$A$5:$A$1004,$A12,'Month-End Provisions'!$B$5:$B$1004,$B12))) | H12: =IF(OR($G12="",$D12=""),"",$G12-$D12) | I12: =IF($A12="","",SUMIFS('Month-End Provisions'!$C$5:$C$1004,'Month-End Provisions'!$A$5:$A$1004,$A12,'Month-End Provisions'!$B$5:$B$1004,"<="&$B12)) -> 23000 | J12: =IF(OR($A12="",$C12="?"),"",$C12-$I12) -> 37000 | K12: =IF($A12="","",_xlfn._xlws.XLOOKUP($A12,'Matters Register'!$A$5:$A$44,'Matters Register'!$D$5:$D$44,"")) -> Priya Shah | O12: =IF(OR($H12="",$H12=0),"",IF(COUNTIFS($A$5:$A$64,$A12,$B$5:$B$64,">"&$B12)>0,"Yes","No")) | P12: =IF(AND($H12<>"",$H12<>0,NOT(OR($L12="Reforecast",$L12="Accepted"))),"YES","") | Q12: =IF(OR($H12="",$H12=0),"",IF(OR($L12="Reforecast",$L12="Accepted"),"Signed off: "&$L12,IF($O12="Yes","Reforecast entered — confirm sign-off","Awaiting reforecast")))
C13: =IF($A13="","",_xlfn._xlws.XLOOKUP($A13,'Matters Register'!$A$5:$A$44,'Matters Register'!$E$5:$E$44,"?")) | E13: =IF($A13="","",SUMIFS($D$5:$D$64,$A$5:$A$64,$A13,$B$5:$B$64,"<="&$B13)) | F13: =IF(OR($A13="",$C13=0,$C13="?"),"",$E13/$C13) | G13: =IF($A13="","",IF(COUNTIFS('Month-End Provisions'!$A$5:$A$1004,$A13,'Month-End Provisions'!$B$5:$B$1004,$B13)=0,"",SUMIFS('Month-End Provisions'!$C$5:$C$1004,'Month-End Provisions'!$A$5:$A$1004,$A13,'Month-End Provisions'!$B$5:$B$1004,$B13))) | H13: =IF(OR($G13="",$D13=""),"",$G13-$D13) | I13: =IF($A13="","",SUMIFS('Month-End Provisions'!$C$5:$C$1004,'Month-End Provisions'!$A$5:$A$1004,$A13,'Month-End Provisions'!$B$5:$B$1004,"<="&$B13)) | J13: =IF(OR($A13="",$C13="?"),"",$C13-$I13) | K13: =IF($A13="","",_xlfn._xlws.XLOOKUP($A13,'Matters Register'!$A$5:$A$44,'Matters Register'!$D$5:$D$44,"")) | O13: =IF(OR($H13="",$H13=0),"",IF(COUNTIFS($A$5:$A$64,$A13,$B$5:$B$64,">"&$B13)>0,"Yes","No")) | P13: =IF(AND($H13<>"",$H13<>0,NOT(OR($L13="Reforecast",$L13="Accepted"))),"YES","") | Q13: =IF(OR($H13="",$H13=0),"",IF(OR($L13="Reforecast",$L13="Accepted"),"Signed off: "&$L13,IF($O13="Yes","Reforecast entered — confirm sign-off","Awaiting reforecast")))
C14: =IF($A14="","",_xlfn._xlws.XLOOKUP($A14,'Matters Register'!$A$5:$A$44,'Matters Register'!$E$5:$E$44,"?")) | E14: =IF($A14="","",SUMIFS($D$5:$D$64,$A$5:$A$64,$A14,$B$5:$B$64,"<="&$B14)) | F14: =IF(OR($A14="",$C14=0,$C14="?"),"",$E14/$C14) | G14: =IF($A14="","",IF(COUNTIFS('Month-End Provisions'!$A$5:$A$1004,$A14,'Month-End Provisions'!$B$5:$B$1004,$B14)=0,"",SUMIFS('Month-End Provisions'!$C$5:$C$1004,'Month-End Provisions'!$A$5:$A$1004,$A14,'Month-End Provisions'!$B$5:$B$1004,$B14))) | H14: =IF(OR($G14="",$D14=""),"",$G14-$D14) | I14: =IF($A14="","",SUMIFS('Month-End Provisions'!$C$5:$C$1004,'Month-End Provisions'!$A$5:$A$1004,$A14,'Month-End Provisions'!$B$5:$B$1004,"<="&$B14)) | J14: =IF(OR($A14="",$C14="?"),"",$C14-$I14) | K14: =IF($A14="","",_xlfn._xlws.XLOOKUP($A14,'Matters Register'!$A$5:$A$44,'Matters Register'!$D$5:$D$44,"")) | O14: =IF(OR($H14="",$H14=0),"",IF(COUNTIFS($A$5:$A$64,$A14,$B$5:$B$64,">"&$B14)>0,"Yes","No")) | P14: =IF(AND($H14<>"",$H14<>0,NOT(OR($L14="Reforecast",$L14="Accepted"))),"YES","") | Q14: =IF(OR($H14="",$H14=0),"",IF(OR($L14="Reforecast",$L14="Accepted"),"Signed off: "&$L14,IF($O14="Yes","Reforecast entered — confirm sign-off","Awaiting reforecast")))
C15: =IF($A15="","",_xlfn._xlws.XLOOKUP($A15,'Matters Register'!$A$5:$A$44,'Matters Register'!$E$5:$E$44,"?")) | E15: =IF($A15="","",SUMIFS($D$5:$D$64,$A$5:$A$64,$A15,$B$5:$B$64,"<="&$B15)) | F15: =IF(OR($A15="",$C15=0,$C15="?"),"",$E15/$C15) | G15: =IF($A15="","",IF(COUNTIFS('Month-End Provisions'!$A$5:$A$1004,$A15,'Month-End Provisions'!$B$5:$B$1004,$B15)=0,"",SUMIFS('Month-End Provisions'!$C$5:$C$1004,'Month-End Provisions'!$A$5:$A$1004,$A15,'Month-End Provisions'!$B$5:$B$1004,$B15))) | H15: =IF(OR($G15="",$D15=""),"",$G15-$D15) | I15: =IF($A15="","",SUMIFS('Month-End Provisions'!$C$5:$C$1004,'Month-End Provisions'!$A$5:$A$1004,$A15,'Month-End Provisions'!$B$5:$B$1004,"<="&$B15)) | J15: =IF(OR($A15="",$C15="?"),"",$C15-$I15) | K15: =IF($A15="","",_xlfn._xlws.XLOOKUP($A15,'Matters Register'!$A$5:$A$44,'Matters Register'!$D$5:$D$44,"")) | O15: =IF(OR($H15="",$H15=0),"",IF(COUNTIFS($A$5:$A$64,$A15,$B$5:$B$64,">"&$B15)>0,"Yes","No")) | P15: =IF(AND($H15<>"",$H15<>0,NOT(OR($L15="Reforecast",$L15="Accepted"))),"YES","") | Q15: =IF(OR($H15="",$H15=0),"",IF(OR($L15="Reforecast",$L15="Accepted"),"Signed off: "&$L15,IF($O15="Yes","Reforecast entered — confirm sign-off","Awaiting reforecast")))
C16: =IF($A16="","",_xlfn._xlws.XLOOKUP($A16,'Matters Register'!$A$5:$A$44,'Matters Register'!$E$5:$E$44,"?")) | E16: =IF($A16="","",SUMIFS($D$5:$D$64,$A$5:$A$64,$A16,$B$5:$B$64,"<="&$B16)) | F16: =IF(OR($A16="",$C16=0,$C16="?"),"",$E16/$C16) | G16: =IF($A16="","",IF(COUNTIFS('Month-End Provisions'!$A$5:$A$1004,$A16,'Month-End Provisions'!$B$5:$B$1004,$B16)=0,"",SUMIFS('Month-End Provisions'!$C$5:$C$1004,'Month-End Provisions'!$A$5:$A$1004,$A16,'Month-End Provisions'!$B$5:$B$1004,$B16))) | H16: =IF(OR($G16="",$D16=""),"",$G16-$D16) | I16: =IF($A16="","",SUMIFS('Month-End Provisions'!$C$5:$C$1004,'Month-End Provisions'!$A$5:$A$1004,$A16,'Month-End Provisions'!$B$5:$B$1004,"<="&$B16)) | J16: =IF(OR($A16="",$C16="?"),"",$C16-$I16) | K16: =IF($A16="","",_xlfn._xlws.XLOOKUP($A16,'Matters Register'!$A$5:$A$44,'Matters Register'!$D$5:$D$44,"")) | O16: =IF(OR($H16="",$H16=0),"",IF(COUNTIFS($A$5:$A$64,$A16,$B$5:$B$64,">"&$B16)>0,"Yes","No")) | P16: =IF(AND($H16<>"",$H16<>0,NOT(OR($L16="Reforecast",$L16="Accepted"))),"YES","") | Q16: =IF(OR($H16="",$H16=0),"",IF(OR($L16="Reforecast",$L16="Accepted"),"Signed off: "&$L16,IF($O16="Yes","Reforecast entered — confirm sign-off","Awaiting reforecast")))
C17: =IF($A17="","",_xlfn._xlws.XLOOKUP($A17,'Matters Register'!$A$5:$A$44,'Matters Register'!$E$5:$E$44,"?")) | E17: =IF($A17="","",SUMIFS($D$5:$D$64,$A$5:$A$64,$A17,$B$5:$B$64,"<="&$B17)) | F17: =IF(OR($A17="",$C17=0,$C17="?"),"",$E17/$C17) | G17: =IF($A17="","",IF(COUNTIFS('Month-End Provisions'!$A$5:$A$1004,$A17,'Month-End Provisions'!$B$5:$B$1004,$B17)=0,"",SUMIFS('Month-End Provisions'!$C$5:$C$1004,'Month-End Provisions'!$A$5:$A$1004,$A17,'Month-End Provisions'!$B$5:$B$1004,$B17))) | H17: =IF(OR($G17="",$D17=""),"",$G17-$D17) | I17: =IF($A17="","",SUMIFS('Month-End Provisions'!$C$5:$C$1004,'Month-End Provisions'!$A$5:$A$1004,$A17,'Month-End Provisions'!$B$5:$B$1004,"<="&$B17)) | J17: =IF(OR($A17="",$C17="?"),"",$C17-$I17) | K17: =IF($A17="","",_xlfn._xlws.XLOOKUP($A17,'Matters Register'!$A$5:$A$44,'Matters Register'!$D$5:$D$44,"")) | O17: =IF(OR($H17="",$H17=0),"",IF(COUNTIFS($A$5:$A$64,$A17,$B$5:$B$64,">"&$B17)>0,"Yes","No")) | P17: =IF(AND($H17<>"",$H17<>0,NOT(OR($L17="Reforecast",$L17="Accepted"))),"YES","") | Q17: =IF(OR($H17="",$H17=0),"",IF(OR($L17="Reforecast",$L17="Accepted"),"Signed off: "&$L17,IF($O17="Yes","Reforecast entered — confirm sign-off","Awaiting reforecast")))
C18: =IF($A18="","",_xlfn._xlws.XLOOKUP($A18,'Matters Register'!$A$5:$A$44,'Matters Register'!$E$5:$E$44,"?")) | E18: =IF($A18="","",SUMIFS($D$5:$D$64,$A$5:$A$64,$A18,$B$5:$B$64,"<="&$B18)) | F18: =IF(OR($A18="",$C18=0,$C18="?"),"",$E18/$C18) | G18: =IF($A18="","",IF(COUNTIFS('Month-End Provisions'!$A$5:$A$1004,$A18,'Month-End Provisions'!$B$5:$B$1004,$B18)=0,"",SUMIFS('Month-End Provisions'!$C$5:$C$1004,'Month-End Provisions'!$A$5:$A$1004,$A18,'Month-End Provisions'!$B$5:$B$1004,$B18))) | H18: =IF(OR($G18="",$D18=""),"",$G18-$D18) | I18: =IF($A18="","",SUMIFS('Month-End Provisions'!$C$5:$C$1004,'Month-End Provisions'!$A$5:$A$1004,$A18,'Month-End Provisions'!$B$5:$B$1004,"<="&$B18)) | J18: =IF(OR($A18="",$C18="?"),"",$C18-$I18) | K18: =IF($A18="","",_xlfn._xlws.XLOOKUP($A18,'Matters Register'!$A$5:$A$44,'Matters Register'!$D$5:$D$44,"")) | O18: =IF(OR($H18="",$H18=0),"",IF(COUNTIFS($A$5:$A$64,$A18,$B$5:$B$64,">"&$B18)>0,"Yes","No")) | P18: =IF(AND($H18<>"",$H18<>0,NOT(OR($L18="Reforecast",$L18="Accepted"))),"YES","") | Q18: =IF(OR($H18="",$H18=0),"",IF(OR($L18="Reforecast",$L18="Accepted"),"Signed off: "&$L18,IF($O18="Yes","Reforecast entered — confirm sign-off","Awaiting reforecast")))
C19: =IF($A19="","",_xlfn._xlws.XLOOKUP($A19,'Matters Register'!$A$5:$A$44,'Matters Register'!$E$5:$E$44,"?")) | E19: =IF($A19="","",SUMIFS($D$5:$D$64,$A$5:$A$64,$A19,$B$5:$B$64,"<="&$B19)) | F19: =IF(OR($A19="",$C19=0,$C19="?"),"",$E19/$C19) | G19: =IF($A19="","",IF(COUNTIFS('Month-End Provisions'!$A$5:$A$1004,$A19,'Month-End Provisions'!$B$5:$B$1004,$B19)=0,"",SUMIFS('Month-End Provisions'!$C$5:$C$1004,'Month-End Provisions'!$A$5:$A$1004,$A19,'Month-End Provisions'!$B$5:$B$1004,$B19))) | H19: =IF(OR($G19="",$D19=""),"",$G19-$D19) | I19: =IF($A19="","",SUMIFS('Month-End Provisions'!$C$5:$C$1004,'Month-End Provisions'!$A$5:$A$1004,$A19,'Month-End Provisions'!$B$5:$B$1004,"<="&$B19)) | J19: =IF(OR($A19="",$C19="?"),"",$C19-$I19) | K19: =IF($A19="","",_xlfn._xlws.XLOOKUP($A19,'Matters Register'!$A$5:$A$44,'Matters Register'!$D$5:$D$44,"")) | O19: =IF(OR($H19="",$H19=0),"",IF(COUNTIFS($A$5:$A$64,$A19,$B$5:$B$64,">"&$B19)>0,"Yes","No")) | P19: =IF(AND($H19<>"",$H19<>0,NOT(OR($L19="Reforecast",$L19="Accepted"))),"YES","") | Q19: =IF(OR($H19="",$H19=0),"",IF(OR($L19="Reforecast",$L19="Accepted"),"Signed off: "&$L19,IF($O19="Yes","Reforecast entered — confirm sign-off","Awaiting reforecast")))
C20: =IF($A20="","",_xlfn._xlws.XLOOKUP($A20,'Matters Register'!$A$5:$A$44,'Matters Register'!$E$5:$E$44,"?")) | E20: =IF($A20="","",SUMIFS($D$5:$D$64,$A$5:$A$64,$A20,$B$5:$B$64,"<="&$B20)) | F20: =IF(OR($A20="",$C20=0,$C20="?"),"",$E20/$C20) | G20: =IF($A20="","",IF(COUNTIFS('Month-End Provisions'!$A$5:$A$1004,$A20,'Month-End Provisions'!$B$5:$B$1004,$B20)=0,"",SUMIFS('Month-End Provisions'!$C$5:$C$1004,'Month-End Provisions'!$A$5:$A$1004,$A20,'Month-End Provisions'!$B$5:$B$1004,$B20))) | H20: =IF(OR($G20="",$D20=""),"",$G20-$D20) | I20: =IF($A20="","",SUMIFS('Month-End Provisions'!$C$5:$C$1004,'Month-End Provisions'!$A$5:$A$1004,$A20,'Month-End Provisions'!$B$5:$B$1004,"<="&$B20)) | J20: =IF(OR($A20="",$C20="?"),"",$C20-$I20) | K20: =IF($A20="","",_xlfn._xlws.XLOOKUP($A20,'Matters Register'!$A$5:$A$44,'Matters Register'!$D$5:$D$44,"")) | O20: =IF(OR($H20="",$H20=0),"",IF(COUNTIFS($A$5:$A$64,$A20,$B$5:$B$64,">"&$B20)>0,"Yes","No")) | P20: =IF(AND($H20<>"",$H20<>0,NOT(OR($L20="Reforecast",$L20="Accepted"))),"YES","") | Q20: =IF(OR($H20="",$H20=0),"",IF(OR($L20="Reforecast",$L20="Accepted"),"Signed off: "&$L20,IF($O20="Yes","Reforecast entered — confirm sign-off","Awaiting reforecast")))
C21: =IF($A21="","",_xlfn._xlws.XLOOKUP($A21,'Matters Register'!$A$5:$A$44,'Matters Register'!$E$5:$E$44,"?")) | E21: =IF($A21="","",SUMIFS($D$5:$D$64,$A$5:$A$64,$A21,$B$5:$B$64,"<="&$B21)) | F21: =IF(OR($A21="",$C21=0,$C21="?"),"",$E21/$C21) | G21: =IF($A21="","",IF(COUNTIFS('Month-End Provisions'!$A$5:$A$1004,$A21,'Month-End Provisions'!$B$5:$B$1004,$B21)=0,"",SUMIFS('Month-End Provisions'!$C$5:$C$1004,'Month-End Provisions'!$A$5:$A$1004,$A21,'Month-End Provisions'!$B$5:$B$1004,$B21))) | H21: =IF(OR($G21="",$D21=""),"",$G21-$D21) | I21: =IF($A21="","",SUMIFS('Month-End Provisions'!$C$5:$C$1004,'Month-End Provisions'!$A$5:$A$1004,$A21,'Month-End Provisions'!$B$5:$B$1004,"<="&$B21)) | J21: =IF(OR($A21="",$C21="?"),"",$C21-$I21) | K21: =IF($A21="","",_xlfn._xlws.XLOOKUP($A21,'Matters Register'!$A$5:$A$44,'Matters Register'!$D$5:$D$44,"")) | O21: =IF(OR($H21="",$H21=0),"",IF(COUNTIFS($A$5:$A$64,$A21,$B$5:$B$64,">"&$B21)>0,"Yes","No")) | P21: =IF(AND($H21<>"",$H21<>0,NOT(OR($L21="Reforecast",$L21="Accepted"))),"YES","") | Q21: =IF(OR($H21="",$H21=0),"",IF(OR($L21="Reforecast",$L21="Accepted"),"Signed off: "&$L21,IF($O21="Yes","Reforecast entered — confirm sign-off","Awaiting reforecast")))
C22: =IF($A22="","",_xlfn._xlws.XLOOKUP($A22,'Matters Register'!$A$5:$A$44,'Matters Register'!$E$5:$E$44,"?")) | E22: =IF($A22="","",SUMIFS($D$5:$D$64,$A$5:$A$64,$A22,$B$5:$B$64,"<="&$B22)) | F22: =IF(OR($A22="",$C22=0,$C22="?"),"",$E22/$C22) | G22: =IF($A22="","",IF(COUNTIFS('Month-End Provisions'!$A$5:$A$1004,$A22,'Month-End Provisions'!$B$5:$B$1004,$B22)=0,"",SUMIFS('Month-End Provisions'!$C$5:$C$1004,'Month-End Provisions'!$A$5:$A$1004,$A22,'Month-End Provisions'!$B$5:$B$1004,$B22))) | H22: =IF(OR($G22="",$D22=""),"",$G22-$D22) | I22: =IF($A22="","",SUMIFS('Month-End Provisions'!$C$5:$C$1004,'Month-End Provisions'!$A$5:$A$1004,$A22,'Month-End Provisions'!$B$5:$B$1004,"<="&$B22)) | J22: =IF(OR($A22="",$C22="?"),"",$C22-$I22) | K22: =IF($A22="","",_xlfn._xlws.XLOOKUP($A22,'Matters Register'!$A$5:$A$44,'Matters Register'!$D$5:$D$44,"")) | O22: =IF(OR($H22="",$H22=0),"",IF(COUNTIFS($A$5:$A$64,$A22,$B$5:$B$64,">"&$B22)>0,"Yes","No")) | P22: =IF(AND($H22<>"",$H22<>0,NOT(OR($L22="Reforecast",$L22="Accepted"))),"YES","") | Q22: =IF(OR($H22="",$H22=0),"",IF(OR($L22="Reforecast",$L22="Accepted"),"Signed off: "&$L22,IF($O22="Yes","Reforecast entered — confirm sign-off","Awaiting reforecast")))
C23: =IF($A23="","",_xlfn._xlws.XLOOKUP($A23,'Matters Register'!$A$5:$A$44,'Matters Register'!$E$5:$E$44,"?")) | E23: =IF($A23="","",SUMIFS($D$5:$D$64,$A$5:$A$64,$A23,$B$5:$B$64,"<="&$B23)) | F23: =IF(OR($A23="",$C23=0,$C23="?"),"",$E23/$C23) | G23: =IF($A23="","",IF(COUNTIFS('Month-End Provisions'!$A$5:$A$1004,$A23,'Month-End Provisions'!$B$5:$B$1004,$B23)=0,"",SUMIFS('Month-End Provisions'!$C$5:$C$1004,'Month-End Provisions'!$A$5:$A$1004,$A23,'Month-End Provisions'!$B$5:$B$1004,$B23))) | H23: =IF(OR($G23="",$D23=""),"",$G23-$D23) | I23: =IF($A23="","",SUMIFS('Month-End Provisions'!$C$5:$C$1004,'Month-End Provisions'!$A$5:$A$1004,$A23,'Month-End Provisions'!$B$5:$B$1004,"<="&$B23)) | J23: =IF(OR($A23="",$C23="?"),"",$C23-$I23) | K23: =IF($A23="","",_xlfn._xlws.XLOOKUP($A23,'Matters Register'!$A$5:$A$44,'Matters Register'!$D$5:$D$44,"")) | O23: =IF(OR($H23="",$H23=0),"",IF(COUNTIFS($A$5:$A$64,$A23,$B$5:$B$64,">"&$B23)>0,"Yes","No")) | P23: =IF(AND($H23<>"",$H23<>0,NOT(OR($L23="Reforecast",$L23="Accepted"))),"YES","") | Q23: =IF(OR($H23="",$H23=0),"",IF(OR($L23="Reforecast",$L23="Accepted"),"Signed off: "&$L23,IF($O23="Yes","Reforecast entered — confirm sign-off","Awaiting reforecast")))
C24: =IF($A24="","",_xlfn._xlws.XLOOKUP($A24,'Matters Register'!$A$5:$A$44,'Matters Register'!$E$5:$E$44,"?")) | E24: =IF($A24="","",SUMIFS($D$5:$D$64,$A$5:$A$64,$A24,$B$5:$B$64,"<="&$B24)) | F24: =IF(OR($A24="",$C24=0,$C24="?"),"",$E24/$C24) | G24: =IF($A24="","",IF(COUNTIFS('Month-End Provisions'!$A$5:$A$1004,$A24,'Month-End Provisions'!$B$5:$B$1004,$B24)=0,"",SUMIFS('Month-End Provisions'!$C$5:$C$1004,'Month-End Provisions'!$A$5:$A$1004,$A24,'Month-End Provisions'!$B$5:$B$1004,$B24))) | H24: =IF(OR($G24="",$D24=""),"",$G24-$D24) | I24: =IF($A24="","",SUMIFS('Month-End Provisions'!$C$5:$C$1004,'Month-End Provisions'!$A$5:$A$1004,$A24,'Month-End Provisions'!$B$5:$B$1004,"<="&$B24)) | J24: =IF(OR($A24="",$C24="?"),"",$C24-$I24) | K24: =IF($A24="","",_xlfn._xlws.XLOOKUP($A24,'Matters Register'!$A$5:$A$44,'Matters Register'!$D$5:$D$44,"")) | O24: =IF(OR($H24="",$H24=0),"",IF(COUNTIFS($A$5:$A$64,$A24,$B$5:$B$64,">"&$B24)>0,"Yes","No")) | P24: =IF(AND($H24<>"",$H24<>0,NOT(OR($L24="Reforecast",$L24="Accepted"))),"YES","") | Q24: =IF(OR($H24="",$H24=0),"",IF(OR($L24="Reforecast",$L24="Accepted"),"Signed off: "&$L24,IF($O24="Yes","Reforecast entered — confirm sign-off","Awaiting reforecast")))
... C64: =IF($A64="","",_xlfn._xlws.XLOOKUP($A64,'Matters Register'!$A$5:$A$44,'Matters Register'!$E$5:$E$44,"?")) | E64: =IF($A64="","",SUMIFS($D$5:$D$64,$A$5:$A$64,$A64,$B$5:$B$64,"<="&$B64)) | F64: =IF(OR($A64="",$C64=0,$C64="?"),"",$E64/$C64) | G64: =IF($A64="","",IF(COUNTIFS('Month-End Provisions'!$A$5:$A$1004,$A64,'Month-End Provisions'!$B$5:$B$1004,$B64)=0,"",SUMIFS('Month-End Provisions'!$C$5:$C$1004,'Month-End Provisions'!$A$5:$A$1004,$A64,'Month-End Provisions'!$B$5:$B$1004,$B64))) | H64: =IF(OR($G64="",$D64=""),"",$G64-$D64) | I64: =IF($A64="","",SUMIFS('Month-End Provisions'!$C$5:$C$1004,'Month-End Provisions'!$A$5:$A$1004,$A64,'Month-End Provisions'!$B$5:$B$1004,"<="&$B64)) | J64: =IF(OR($A64="",$C64="?"),"",$C64-$I64) | K64: =IF($A64="","",_xlfn._xlws.XLOOKUP($A64,'Matters Register'!$A$5:$A$44,'Matters Register'!$D$5:$D$44,"")) | O64: =IF(OR($H64="",$H64=0),"",IF(COUNTIFS($A$5:$A$64,$A64,$B$5:$B$64,">"&$B64)>0,"Yes","No")) | P64: =IF(AND($H64<>"",$H64<>0,NOT(OR($L64="Reforecast",$L64="Accepted"))),"YES","") | Q64: =IF(OR($H64="",$H64=0),"",IF(OR($L64="Reforecast",$L64="Accepted"),"Signed off: "&$L64,IF($O64="Yes","Reforecast entered — confirm sign-off","Awaiting reforecast")))

Sheet Month-End Provisions
A1: Month-End Provisions (Net Fee Income)
A2: Paste your monthly NFI provisions extract here.
A4: Matter Code | B4: Month | C4: NFI Amount (£)
A5: M-1001 | B5: 46266 | C5: 12000
A6: M-1001 | B6: 46296 | C6: 15000
A7: M-1001 | B7: 46327 | C7: 26000
A8: M-1002 | B8: 46296 | C8: 13500
A9: M-1003 | B9: 46266 | C9: 12000
A10: M-1003 | B10: 46296 | C10: 11000

Sheet Dashboard
A1: Portfolio Dashboard
A2: Financial year September 2026 – August 2027.
A4: Month | B4: Forecast (£) | C4: Actual NFI (£) | D4: Variance (£) | F4: Matter Code | G4: Client | H4: Engagement Manager | I4: Total Fee (£) | J4: Forecast to Date (£) | K4: Actual to Date (£) | L4: Remaining Fee (£) | M4: % Recognised | N4: Open Var (#) | O4: Unallocated Fee (£)
A5: 46266 | B5: =SUMIFS('Forecast Log'!$D$5:$D$64,'Forecast Log'!$B$5:$B$64,$A5) -> 24000 | C5: =SUMIFS('Month-End Provisions'!$C$5:$C$1004,'Month-End Provisions'!$B$5:$B$1004,$A5) -> 24000 | D5: =$C5-$B5 -> 0 | F5: =IF('Matters Register'!$A5="","",'Matters Register'!$A5) -> M-1001 | G5: =IF($F5="","",_xlfn._xlws.XLOOKUP($F5,'Matters Register'!$A$5:$A$44,'Matters Register'!$B$5:$B$44,"")) -> Aurora Retail Group | H5: =IF($F5="","",_xlfn._xlws.XLOOKUP($F5,'Matters Register'!$A$5:$A$44,'Matters Register'!$D$5:$D$44,"")) -> Priya Shah | I5: =IF($F5="","",_xlfn._xlws.XLOOKUP($F5,'Matters Register'!$A$5:$A$44,'Matters Register'!$E$5:$E$44,"")) -> 120000 | J5: =IF($F5="","",SUMIFS('Forecast Log'!$D$5:$D$64,'Forecast Log'!$A$5:$A$64,$F5)) -> 54000 | K5: =IF($F5="","",SUMIFS('Month-End Provisions'!$C$5:$C$1004,'Month-End Provisions'!$A$5:$A$1004,$F5)) -> 53000 | L5: =IF($F5="","",I5-K5) -> 67000 | M5: =IF(OR($F5="",I5=0),"",K5/I5) -> 0.44166667 | N5: =IF($F5="","",COUNTIFS('Forecast Log'!$A$5:$A$64,$F5,'Forecast Log'!$P$5:$P$64,"YES")) -> 2 | O5: =IF($F5="","",I5-J5) -> 66000
A6: 46296 | B6: =SUMIFS('Forecast Log'!$D$5:$D$64,'Forecast Log'!$B$5:$B$64,$A6) -> 43500 | C6: =SUMIFS('Month-End Provisions'!$C$5:$C$1004,'Month-End Provisions'!$B$5:$B$1004,$A6) -> 39500 | D6: =$C6-$B6 -> -4000 | F6: =IF('Matters Register'!$A6="","",'Matters Register'!$A6) -> M-1002 | G6: =IF($F6="","",_xlfn._xlws.XLOOKUP($F6,'Matters Register'!$A$5:$A$44,'Matters Register'!$B$5:$B$44,"")) -> Northwind Energy | H6: =IF($F6="","",_xlfn._xlws.XLOOKUP($F6,'Matters Register'!$A$5:$A$44,'Matters Register'!$D$5:$D$44,"")) -> James Okoro | I6: =IF($F6="","",_xlfn._xlws.XLOOKUP($F6,'Matters Register'!$A$5:$A$44,'Matters Register'!$E$5:$E$44,"")) -> 90000 | J6: =IF($F6="","",SUMIFS('Forecast Log'!$D$5:$D$64,'Forecast Log'!$A$5:$A$64,$F6)) -> 27000 | K6: =IF($F6="","",SUMIFS('Month-End Provisions'!$C$5:$C$1004,'Month-End Provisions'!$A$5:$A$1004,$F6)) -> 13500 | L6: =IF($F6="","",I6-K6) -> 76500 | M6: =IF(OR($F6="",I6=0),"",K6/I6) -> 0.15 | N6: =IF($F6="","",COUNTIFS('Forecast Log'!$A$5:$A$64,$F6,'Forecast Log'!$P$5:$P$64,"YES")) -> 0 | O6: =IF($F6="","",I6-J6) -> 63000
A7: 46327 | B7: =SUMIFS('Forecast Log'!$D$5:$D$64,'Forecast Log'!$B$5:$B$64,$A7) -> 52500 | C7: =SUMIFS('Month-End Provisions'!$C$5:$C$1004,'Month-End Provisions'!$B$5:$B$1004,$A7) -> 26000 | D7: =$C7-$B7 -> -26500 | F7: =IF('Matters Register'!$A7="","",'Matters Register'!$A7) -> M-1003 | G7: =IF($F7="","",_xlfn._xlws.XLOOKUP($F7,'Matters Register'!$A$5:$A$44,'Matters Register'!$B$5:$B$44,"")) -> Meridian Health | H7: =IF($F7="","",_xlfn._xlws.XLOOKUP($F7,'Matters Register'!$A$5:$A$44,'Matters Register'!$D$5:$D$44,"")) -> Priya Shah | I7: =IF($F7="","",_xlfn._xlws.XLOOKUP($F7,'Matters Register'!$A$5:$A$44,'Matters Register'!$E$5:$E$44,"")) -> 60000 | J7: =IF($F7="","",SUMIFS('Forecast Log'!$D$5:$D$64,'Forecast Log'!$A$5:$A$64,$F7)) -> 39000 | K7: =IF($F7="","",SUMIFS('Month-End Provisions'!$C$5:$C$1004,'Month-End Provisions'!$A$5:$A$1004,$F7)) -> 23000 | L7: =IF($F7="","",I7-K7) -> 37000 | M7: =IF(OR($F7="",I7=0),"",K7/I7) -> 0.38333333 | N7: =IF($F7="","",COUNTIFS('Forecast Log'!$A$5:$A$64,$F7,'Forecast Log'!$P$5:$P$64,"YES")) -> 0 | O7: =IF($F7="","",I7-J7) -> 21000
A8: 46357 | B8: =SUMIFS('Forecast Log'!$D$5:$D$64,'Forecast Log'!$B$5:$B$64,$A8) -> 0 | C8: =SUMIFS('Month-End Provisions'!$C$5:$C$1004,'Month-End Provisions'!$B$5:$B$1004,$A8) -> 0 | D8: =$C8-$B8 -> 0 | F8: =IF('Matters Register'!$A8="","",'Matters Register'!$A8) | G8: =IF($F8="","",_xlfn._xlws.XLOOKUP($F8,'Matters Register'!$A$5:$A$44,'Matters Register'!$B$5:$B$44,"")) | H8: =IF($F8="","",_xlfn._xlws.XLOOKUP($F8,'Matters Register'!$A$5:$A$44,'Matters Register'!$D$5:$D$44,"")) | I8: =IF($F8="","",_xlfn._xlws.XLOOKUP($F8,'Matters Register'!$A$5:$A$44,'Matters Register'!$E$5:$E$44,"")) | J8: =IF($F8="","",SUMIFS('Forecast Log'!$D$5:$D$64,'Forecast Log'!$A$5:$A$64,$F8)) | K8: =IF($F8="","",SUMIFS('Month-End Provisions'!$C$5:$C$1004,'Month-End Provisions'!$A$5:$A$1004,$F8)) | L8: =IF($F8="","",I8-K8) | M8: =IF(OR($F8="",I8=0),"",K8/I8) | N8: =IF($F8="","",COUNTIFS('Forecast Log'!$A$5:$A$64,$F8,'Forecast Log'!$P$5:$P$64,"YES")) | O8: =IF($F8="","",I8-J8)
A9: 46388 | B9: =SUMIFS('Forecast Log'!$D$5:$D$64,'Forecast Log'!$B$5:$B$64,$A9) -> 0 | C9: =SUMIFS('Month-End Provisions'!$C$5:$C$1004,'Month-End Provisions'!$B$5:$B$1004,$A9) -> 0 | D9: =$C9-$B9 -> 0 | F9: =IF('Matters Register'!$A9="","",'Matters Register'!$A9) | G9: =IF($F9="","",_xlfn._xlws.XLOOKUP($F9,'Matters Register'!$A$5:$A$44,'Matters Register'!$B$5:$B$44,"")) | H9: =IF($F9="","",_xlfn._xlws.XLOOKUP($F9,'Matters Register'!$A$5:$A$44,'Matters Register'!$D$5:$D$44,"")) | I9: =IF($F9="","",_xlfn._xlws.XLOOKUP($F9,'Matters Register'!$A$5:$A$44,'Matters Register'!$E$5:$E$44,"")) | J9: =IF($F9="","",SUMIFS('Forecast Log'!$D$5:$D$64,'Forecast Log'!$A$5:$A$64,$F9)) | K9: =IF($F9="","",SUMIFS('Month-End Provisions'!$C$5:$C$1004,'Month-End Provisions'!$A$5:$A$1004,$F9)) | L9: =IF($F9="","",I9-K9) | M9: =IF(OR($F9="",I9=0),"",K9/I9) | N9: =IF($F9="","",COUNTIFS('Forecast Log'!$A$5:$A$64,$F9,'Forecast Log'!$P$5:$P$64,"YES")) | O9: =IF($F9="","",I9-J9)
A10: 46419 | B10: =SUMIFS('Forecast Log'!$D$5:$D$64,'Forecast Log'!$B$5:$B$64,$A10) -> 0 | C10: =SUMIFS('Month-End Provisions'!$C$5:$C$1004,'Month-End Provisions'!$B$5:$B$1004,$A10) -> 0 | D10: =$C10-$B10 -> 0 | F10: =IF('Matters Register'!$A10="","",'Matters Register'!$A10) | G10: =IF($F10="","",_xlfn._xlws.XLOOKUP($F10,'Matters Register'!$A$5:$A$44,'Matters Register'!$B$5:$B$44,"")) | H10: =IF($F10="","",_xlfn._xlws.XLOOKUP($F10,'Matters Register'!$A$5:$A$44,'Matters Register'!$D$5:$D$44,"")) | I10: =IF($F10="","",_xlfn._xlws.XLOOKUP($F10,'Matters Register'!$A$5:$A$44,'Matters Register'!$E$5:$E$44,"")) | J10: =IF($F10="","",SUMIFS('Forecast Log'!$D$5:$D$64,'Forecast Log'!$A$5:$A$64,$F10)) | K10: =IF($F10="","",SUMIFS('Month-End Provisions'!$C$5:$C$1004,'Month-End Provisions'!$A$5:$A$1004,$F10)) | L10: =IF($F10="","",I10-K10) | M10: =IF(OR($F10="",I10=0),"",K10/I10) | N10: =IF($F10="","",COUNTIFS('Forecast Log'!$A$5:$A$64,$F10,'Forecast Log'!$P$5:$P$64,"YES")) | O10: =IF($F10="","",I10-J10)
A11: 46447 | B11: =SUMIFS('Forecast Log'!$D$5:$D$64,'Forecast Log'!$B$5:$B$64,$A11) -> 0 | C11: =SUMIFS('Month-End Provisions'!$C$5:$C$1004,'Month-End Provisions'!$B$5:$B$1004,$A11) -> 0 | D11: =$C11-$B11 -> 0 | F11: =IF('Matters Register'!$A11="","",'Matters Register'!$A11) | G11: =IF($F11="","",_xlfn._xlws.XLOOKUP($F11,'Matters Register'!$A$5:$A$44,'Matters Register'!$B$5:$B$44,"")) | H11: =IF($F11="","",_xlfn._xlws.XLOOKUP($F11,'Matters Register'!$A$5:$A$44,'Matters Register'!$D$5:$D$44,"")) | I11: =IF($F11="","",_xlfn._xlws.XLOOKUP($F11,'Matters Register'!$A$5:$A$44,'Matters Register'!$E$5:$E$44,"")) | J11: =IF($F11="","",SUMIFS('Forecast Log'!$D$5:$D$64,'Forecast Log'!$A$5:$A$64,$F11)) | K11: =IF($F11="","",SUMIFS('Month-End Provisions'!$C$5:$C$1004,'Month-End Provisions'!$A$5:$A$1004,$F11)) | L11: =IF($F11="","",I11-K11) | M11: =IF(OR($F11="",I11=0),"",K11/I11) | N11: =IF($F11="","",COUNTIFS('Forecast Log'!$A$5:$A$64,$F11,'Forecast Log'!$P$5:$P$64,"YES")) | O11: =IF($F11="","",I11-J11)
A12: 46478 | B12: =SUMIFS('Forecast Log'!$D$5:$D$64,'Forecast Log'!$B$5:$B$64,$A12) -> 0 | C12: =SUMIFS('Month-End Provisions'!$C$5:$C$1004,'Month-End Provisions'!$B$5:$B$1004,$A12) -> 0 | D12: =$C12-$B12 -> 0 | F12: =IF('Matters Register'!$A12="","",'Matters Register'!$A12) | G12: =IF($F12="","",_xlfn._xlws.XLOOKUP($F12,'Matters Register'!$A$5:$A$44,'Matters Register'!$B$5:$B$44,"")) | H12: =IF($F12="","",_xlfn._xlws.XLOOKUP($F12,'Matters Register'!$A$5:$A$44,'Matters Register'!$D$5:$D$44,"")) | I12: =IF($F12="","",_xlfn._xlws.XLOOKUP($F12,'Matters Register'!$A$5:$A$44,'Matters Register'!$E$5:$E$44,"")) | J12: =IF($F12="","",SUMIFS('Forecast Log'!$D$5:$D$64,'Forecast Log'!$A$5:$A$64,$F12)) | K12: =IF($F12="","",SUMIFS('Month-End Provisions'!$C$5:$C$1004,'Month-End Provisions'!$A$5:$A$1004,$F12)) | L12: =IF($F12="","",I12-K12) | M12: =IF(OR($F12="",I12=0),"",K12/I12) | N12: =IF($F12="","",COUNTIFS('Forecast Log'!$A$5:$A$64,$F12,'Forecast Log'!$P$5:$P$64,"YES")) | O12: =IF($F12="","",I12-J12)
A13: 46508 | B13: =SUMIFS('Forecast Log'!$D$5:$D$64,'Forecast Log'!$B$5:$B$64,$A13) -> 0 | C13: =SUMIFS('Month-End Provisions'!$C$5:$C$1004,'Month-End Provisions'!$B$5:$B$1004,$A13) -> 0 | D13: =$C13-$B13 -> 0 | F13: =IF('Matters Register'!$A13="","",'Matters Register'!$A13) | G13: =IF($F13="","",_xlfn._xlws.XLOOKUP($F13,'Matters Register'!$A$5:$A$44,'Matters Register'!$B$5:$B$44,"")) | H13: =IF($F13="","",_xlfn._xlws.XLOOKUP($F13,'Matters Register'!$A$5:$A$44,'Matters Register'!$D$5:$D$44,"")) | I13: =IF($F13="","",_xlfn._xlws.XLOOKUP($F13,'Matters Register'!$A$5:$A$44,'Matters Register'!$E$5:$E$44,"")) | J13: =IF($F13="","",SUMIFS('Forecast Log'!$D$5:$D$64,'Forecast Log'!$A$5:$A$64,$F13)) | K13: =IF($F13="","",SUMIFS('Month-End Provisions'!$C$5:$C$1004,'Month-End Provisions'!$A$5:$A$1004,$F13)) | L13: =IF($F13="","",I13-K13) | M13: =IF(OR($F13="",I13=0),"",K13/I13) | N13: =IF($F13="","",COUNTIFS('Forecast Log'!$A$5:$A$64,$F13,'Forecast Log'!$P$5:$P$64,"YES")) | O13: =IF($F13="","",I13-J13)
A14: 46539 | B14: =SUMIFS('Forecast Log'!$D$5:$D$64,'Forecast Log'!$B$5:$B$64,$A14) -> 0 | C14: =SUMIFS('Month-End Provisions'!$C$5:$C$1004,'Month-End Provisions'!$B$5:$B$1004,$A14) -> 0 | D14: =$C14-$B14 -> 0 | F14: =IF('Matters Register'!$A14="","",'Matters Register'!$A14) | G14: =IF($F14="","",_xlfn._xlws.XLOOKUP($F14,'Matters Register'!$A$5:$A$44,'Matters Register'!$B$5:$B$44,"")) | H14: =IF($F14="","",_xlfn._xlws.XLOOKUP($F14,'Matters Register'!$A$5:$A$44,'Matters Register'!$D$5:$D$44,"")) | I14: =IF($F14="","",_xlfn._xlws.XLOOKUP($F14,'Matters Register'!$A$5:$A$44,'Matters Register'!$E$5:$E$44,"")) | J14: =IF($F14="","",SUMIFS('Forecast Log'!$D$5:$D$64,'Forecast Log'!$A$5:$A$64,$F14)) | K14: =IF($F14="","",SUMIFS('Month-End Provisions'!$C$5:$C$1004,'Month-End Provisions'!$A$5:$A$1004,$F14)) | L14: =IF($F14="","",I14-K14) | M14: =IF(OR($F14="",I14=0),"",K14/I14) | N14: =IF($F14="","",COUNTIFS('Forecast Log'!$A$5:$A$64,$F14,'Forecast Log'!$P$5:$P$64,"YES")) | O14: =IF($F14="","",I14-J14)
A15: 46569 | B15: =SUMIFS('Forecast Log'!$D$5:$D$64,'Forecast Log'!$B$5:$B$64,$A15) -> 0 | C15: =SUMIFS('Month-End Provisions'!$C$5:$C$1004,'Month-End Provisions'!$B$5:$B$1004,$A15) -> 0 | D15: =$C15-$B15 -> 0 | F15: =IF('Matters Register'!$A15="","",'Matters Register'!$A15) | G15: =IF($F15="","",_xlfn._xlws.XLOOKUP($F15,'Matters Register'!$A$5:$A$44,'Matters Register'!$B$5:$B$44,"")) | H15: =IF($F15="","",_xlfn._xlws.XLOOKUP($F15,'Matters Register'!$A$5:$A$44,'Matters Register'!$D$5:$D$44,"")) | I15: =IF($F15="","",_xlfn._xlws.XLOOKUP($F15,'Matters Register'!$A$5:$A$44,'Matters Register'!$E$5:$E$44,"")) | J15: =IF($F15="","",SUMIFS('Forecast Log'!$D$5:$D$64,'Forecast Log'!$A$5:$A$64,$F15)) | K15: =IF($F15="","",SUMIFS('Month-End Provisions'!$C$5:$C$1004,'Month-End Provisions'!$A$5:$A$1004,$F15)) | L15: =IF($F15="","",I15-K15) | M15: =IF(OR($F15="",I15=0),"",K15/I15) | N15: =IF($F15="","",COUNTIFS('Forecast Log'!$A$5:$A$64,$F15,'Forecast Log'!$P$5:$P$64,"YES")) | O15: =IF($F15="","",I15-J15)
A16: 46600 | B16: =SUMIFS('Forecast Log'!$D$5:$D$64,'Forecast Log'!$B$5:$B$64,$A16) -> 0 | C16: =SUMIFS('Month-End Provisions'!$C$5:$C$1004,'Month-End Provisions'!$B$5:$B$1004,$A16) -> 0 | D16: =$C16-$B16 -> 0 | F16: =IF('Matters Register'!$A16="","",'Matters Register'!$A16) | G16: =IF($F16="","",_xlfn._xlws.XLOOKUP($F16,'Matters Register'!$A$5:$A$44,'Matters Register'!$B$5:$B$44,"")) | H16: =IF($F16="","",_xlfn._xlws.XLOOKUP($F16,'Matters Register'!$A$5:$A$44,'Matters Register'!$D$5:$D$44,"")) | I16: =IF($F16="","",_xlfn._xlws.XLOOKUP($F16,'Matters Register'!$A$5:$A$44,'Matters Register'!$E$5:$E$44,"")) | J16: =IF($F16="","",SUMIFS('Forecast Log'!$D$5:$D$64,'Forecast Log'!$A$5:$A$64,$F16)) | K16: =IF($F16="","",SUMIFS('Month-End Provisions'!$C$5:$C$1004,'Month-End Provisions'!$A$5:$A$1004,$F16)) | L16: =IF($F16="","",I16-K16) | M16: =IF(OR($F16="",I16=0),"",K16/I16) | N16: =IF($F16="","",COUNTIFS('Forecast Log'!$A$5:$A$64,$F16,'Forecast Log'!$P$5:$P$64,"YES")) | O16: =IF($F16="","",I16-J16)
A17: Total | B17: =SUM(B5:B16) -> 120000 | C17: =SUM(C5:C16) -> 89500 | D17: =SUM(D5:D16) -> -30500 | F17: =IF('Matters Register'!$A17="","",'Matters Register'!$A17) | G17: =IF($F17="","",_xlfn._xlws.XLOOKUP($F17,'Matters Register'!$A$5:$A$44,'Matters Register'!$B$5:$B$44,"")) | H17: =IF($F17="","",_xlfn._xlws.XLOOKUP($F17,'Matters Register'!$A$5:$A$44,'Matters Register'!$D$5:$D$44,"")) | I17: =IF($F17="","",_xlfn._xlws.XLOOKUP($F17,'Matters Register'!$A$5:$A$44,'Matters Register'!$E$5:$E$44,"")) | J17: =IF($F17="","",SUMIFS('Forecast Log'!$D$5:$D$64,'Forecast Log'!$A$5:$A$64,$F17)) | K17: =IF($F17="","",SUMIFS('Month-End Provisions'!$C$5:$C$1004,'Month-End Provisions'!$A$5:$A$1004,$F17)) | L17: =IF($F17="","",I17-K17) | M17: =IF(OR($F17="",I17=0),"",K17/I17) | N17: =IF($F17="","",COUNTIFS('Forecast Log'!$A$5:$A$64,$F17,'Forecast Log'!$P$5:$P$64,"YES")) | O17: =IF($F17="","",I17-J17)
F18: =IF('Matters Register'!$A18="","",'Matters Register'!$A18) | G18: =IF($F18="","",_xlfn._xlws.XLOOKUP($F18,'Matters Register'!$A$5:$A$44,'Matters Register'!$B$5:$B$44,"")) | H18: =IF($F18="","",_xlfn._xlws.XLOOKUP($F18,'Matters Register'!$A$5:$A$44,'Matters Register'!$D$5:$D$44,"")) | I18: =IF($F18="","",_xlfn._xlws.XLOOKUP($F18,'Matters Register'!$A$5:$A$44,'Matters Register'!$E$5:$E$44,"")) | J18: =IF($F18="","",SUMIFS('Forecast Log'!$D$5:$D$64,'Forecast Log'!$A$5:$A$64,$F18)) | K18: =IF($F18="","",SUMIFS('Month-End Provisions'!$C$5:$C$1004,'Month-End Provisions'!$A$5:$A$1004,$F18)) | L18: =IF($F18="","",I18-K18) | M18: =IF(OR($F18="",I18=0),"",K18/I18) | N18: =IF($F18="","",COUNTIFS('Forecast Log'!$A$5:$A$64,$F18,'Forecast Log'!$P$5:$P$64,"YES")) | O18: =IF($F18="","",I18-J18)
A19: Open Variances — flagged but not yet reforecast | F19: =IF('Matters Register'!$A19="","",'Matters Register'!$A19) | G19: =IF($F19="","",_xlfn._xlws.XLOOKUP($F19,'Matters Register'!$A$5:$A$44,'Matters Register'!$B$5:$B$44,"")) | H19: =IF($F19="","",_xlfn._xlws.XLOOKUP($F19,'Matters Register'!$A$5:$A$44,'Matters Register'!$D$5:$D$44,"")) | I19: =IF($F19="","",_xlfn._xlws.XLOOKUP($F19,'Matters Register'!$A$5:$A$44,'Matters Register'!$E$5:$E$44,"")) | J19: =IF($F19="","",SUMIFS('Forecast Log'!$D$5:$D$64,'Forecast Log'!$A$5:$A$64,$F19)) | K19: =IF($F19="","",SUMIFS('Month-End Provisions'!$C$5:$C$1004,'Month-End Provisions'!$A$5:$A$1004,$F19)) | L19: =IF($F19="","",I19-K19) | M19: =IF(OR($F19="",I19=0),"",K19/I19) | N19: =IF($F19="","",COUNTIFS('Forecast Log'!$A$5:$A$64,$F19,'Forecast Log'!$P$5:$P$64,"YES")) | O19: =IF($F19="","",I19-J19)
A20: Open items (#) | B20: =COUNTIF('Forecast Log'!$P$5:$P$64,"YES") -> 2 | F20: =IF('Matters Register'!$A20="","",'Matters Register'!$A20) | G20: =IF($F20="","",_xlfn._xlws.XLOOKUP($F20,'Matters Register'!$A$5:$A$44,'Matters Register'!$B$5:$B$44,"")) | H20: =IF($F20="","",_xlfn._xlws.XLOOKUP($F20,'Matters Register'!$A$5:$A$44,'Matters Register'!$D$5:$D$44,"")) | I20: =IF($F20="","",_xlfn._xlws.XLOOKUP($F20,'Matters Register'!$A$5:$A$44,'Matters Register'!$E$5:$E$44,"")) | J20: =IF($F20="","",SUMIFS('Forecast Log'!$D$5:$D$64,'Forecast Log'!$A$5:$A$64,$F20)) | K20: =IF($F20="","",SUMIFS('Month-End Provisions'!$C$5:$C$1004,'Month-End Provisions'!$A$5:$A$1004,$F20)) | L20: =IF($F20="","",I20-K20) | M20: =IF(OR($F20="",I20=0),"",K20/I20) | N20: =IF($F20="","",COUNTIFS('Forecast Log'!$A$5:$A$64,$F20,'Forecast Log'!$P$5:$P$64,"YES")) | O20: =IF($F20="","",I20-J20)
A21: Open value (£, net) | B21: =SUMIFS('Forecast Log'!$H$5:$H$64,'Forecast Log'!$P$5:$P$64,"YES") -> -1000 | F21: =IF('Matters Register'!$A21="","",'Matters Register'!$A21) | G21: =IF($F21="","",_xlfn._xlws.XLOOKUP($F21,'Matters Register'!$A$5:$A$44,'Matters Register'!$B$5:$B$44,"")) | H21: =IF($F21="","",_xlfn._xlws.XLOOKUP($F21,'Matters Register'!$A$5:$A$44,'Matters Register'!$D$5:$D$44,"")) | I21: =IF($F21="","",_xlfn._xlws.XLOOKUP($F21,'Matters Register'!$A$5:$A$44,'Matters Register'!$E$5:$E$44,"")) | J21: =IF($F21="","",SUMIFS('Forecast Log'!$D$5:$D$64,'Forecast Log'!$A$5:$A$64,$F21)) | K21: =IF($F21="","",SUMIFS('Month-End Provisions'!$C$5:$C$1004,'Month-End Provisions'!$A$5:$A$1004,$F21)) | L21: =IF($F21="","",I21-K21) | M21: =IF(OR($F21="",I21=0),"",K21/I21) | N21: =IF($F21="","",COUNTIFS('Forecast Log'!$A$5:$A$64,$F21,'Forecast Log'!$P$5:$P$64,"YES")) | O21: =IF($F21="","",I21-J21)
A22: Oldest open month | B22: =IF(COUNTIF('Forecast Log'!$P$5:$P$64,"YES")=0,"",_xlfn.MINIFS('Forecast Log'!$B$5:$B$64,'Forecast Log'!$P$5:$P$64,"YES")) -> 46296 | F22: =IF('Matters Register'!$A22="","",'Matters Register'!$A22) | G22: =IF($F22="","",_xlfn._xlws.XLOOKUP($F22,'Matters Register'!$A$5:$A$44,'Matters Register'!$B$5:$B$44,"")) | H22: =IF($F22="","",_xlfn._xlws.XLOOKUP($F22,'Matters Register'!$A$5:$A$44,'Matters Register'!$D$5:$D$44,"")) | I22: =IF($F22="","",_xlfn._xlws.XLOOKUP($F22,'Matters Register'!$A$5:$A$44,'Matters Register'!$E$5:$E$44,"")) | J22: =IF($F22="","",SUMIFS('Forecast Log'!$D$5:$D$64,'Forecast Log'!$A$5:$A$64,$F22)) | K22: =IF($F22="","",SUMIFS('Month-End Provisions'!$C$5:$C$1004,'Month-End Provisions'!$A$5:$A$1004,$F22)) | L22: =IF($F22="","",I22-K22) | M22: =IF(OR($F22="",I22=0),"",K22/I22) | N22: =IF($F22="","",COUNTIFS('Forecast Log'!$A$5:$A$64,$F22,'Forecast Log'!$P$5:$P$64,"YES")) | O22: =IF($F22="","",I22-J22)
F23: =IF('Matters Register'!$A23="","",'Matters Register'!$A23) | G23: =IF($F23="","",_xlfn._xlws.XLOOKUP($F23,'Matters Register'!$A$5:$A$44,'Matters Register'!$B$5:$B$44,"")) | H23: =IF($F23="","",_xlfn._xlws.XLOOKUP($F23,'Matters Register'!$A$5:$A$44,'Matters Register'!$D$5:$D$44,"")) | I23: =IF($F23="","",_xlfn._xlws.XLOOKUP($F23,'Matters Register'!$A$5:$A$44,'Matters Register'!$E$5:$E$44,"")) | J23: =IF($F23="","",SUMIFS('Forecast Log'!$D$5:$D$64,'Forecast Log'!$A$5:$A$64,$F23)) | K23: =IF($F23="","",SUMIFS('Month-End Provisions'!$C$5:$C$1004,'Month-End Provisions'!$A$5:$A$1004,$F23)) | L23: =IF($F23="","",I23-K23) | M23: =IF(OR($F23="",I23=0),"",K23/I23) | N23: =IF($F23="","",COUNTIFS('Forecast Log'!$A$5:$A$64,$F23,'Forecast Log'!$P$5:$P$64,"YES")) | O23: =IF($F23="","",I23-J23)
F24: =IF('Matters Register'!$A24="","",'Matters Register'!$A24) | G24: =IF($F24="","",_xlfn._xlws.XLOOKUP($F24,'Matters Register'!$A$5:$A$44,'Matters Register'!$B$5:$B$44,"")) | H24: =IF($F24="","",_xlfn._xlws.XLOOKUP($F24,'Matters Register'!$A$5:$A$44,'Matters Register'!$D$5:$D$44,"")) | I24: =IF($F24="","",_xlfn._xlws.XLOOKUP($F24,'Matters Register'!$A$5:$A$44,'Matters Register'!$E$5:$E$44,"")) | J24: =IF($F24="","",SUMIFS('Forecast Log'!$D$5:$D$64,'Forecast Log'!$A$5:$A$64,$F24)) | K24: =IF($F24="","",SUMIFS('Month-End Provisions'!$C$5:$C$1004,'Month-End Provisions'!$A$5:$A$1004,$F24)) | L24: =IF($F24="","",I24-K24) | M24: =IF(OR($F24="",I24=0),"",K24/I24) | N24: =IF($F24="","",COUNTIFS('Forecast Log'!$A$5:$A$64,$F24,'Forecast Log'!$P$5:$P$64,"YES")) | O24: =IF($F24="","",I24-J24)
F26: By Engagement Manager (add/remove names as needed)
F27: Engagement Manager | G27: Forecast to Date (£) | H27: Actual to Date (£) | I27: Open (#)
F28: Priya Shah | G28: =SUMIF($H$5:$H$24,$F28,$J$5:$J$24) -> 93000 | H28: =SUMIF($H$5:$H$24,$F28,$K$5:$K$24) -> 76000 | I28: =COUNTIFS('Forecast Log'!$K$5:$K$64,$F28,'Forecast Log'!$P$5:$P$64,"YES") -> 2
F29: James Okoro | G29: =SUMIF($H$5:$H$24,$F29,$J$5:$J$24) -> 27000 | H29: =SUMIF($H$5:$H$24,$F29,$K$5:$K$24) -> 13500 | I29: =COUNTIFS('Forecast Log'!$K$5:$K$64,$F29,'Forecast Log'!$P$5:$P$64,"YES") -> 0
